lineup_slot_id,slot_abbrev,is_starting_slot,slot_role,is_injured_list_slot
0,C,True,hitter,False
1,1B,True,hitter,False
2,2B,True,hitter,False
3,3B,True,hitter,False
4,SS,True,hitter,False
5,OF,True,hitter,False
6,2B/SS,True,hitter,False
7,1B/3B,True,hitter,False
8,LF,True,hitter,False
9,CF,True,hitter,False
10,RF,True,hitter,False
11,DH,True,hitter,False
12,UTIL,True,hitter,False
13,P,True,pitcher,False
14,SP,True,pitcher,False
15,RP,True,pitcher,False
16,BE,False,bench,False
17,IL,False,bench,True
19,IF,True,hitter,False
