matchup_id,team_id,stat_id,expected_difference,cause,evidence
2,3,1,1,official_scoring_change,"William Contreras 2026-04-01, game 823806: MLB 2 H, ESPN 1 (same play as Rasmussen's hit allowed)"
2,3,8,1,official_scoring_change,"William Contreras 2026-04-01, game 823806: MLB 2 TB, ESPN 1"
2,3,37,1,official_scoring_change,"Drew Rasmussen 2026-04-01, game 823806: MLB 3 hits allowed, ESPN 2"
5,8,60,-1,official_scoring_change,"JoJo Romero 2026-03-26, game 823081: MLB 0 HLD, ESPN 1"
5,8,83,-1,official_scoring_change,"SVHD = SV + HLD: follows from JoJo Romero's hold, 2026-03-26"
8,9,1,1,official_scoring_change,"Jose Caballero 2026-04-07, game 823567: MLB 2 H, ESPN 1"
8,9,8,1,official_scoring_change,"Jose Caballero 2026-04-07, game 823567: MLB 3 TB, ESPN 2"
9,2,37,-1,official_scoring_change,"Kevin Gausman 2026-04-07, game 822831: MLB 5 hits allowed, ESPN 6"
9,2,45,-1,official_scoring_change,"Kevin Gausman 2026-04-07, game 822831: MLB 2 ER, ESPN 3"
71,11,45,-1,official_scoring_change,"Jose Soriano 2026-06-19, game 824990: MLB 3 ER, ESPN 4"
81,9,0,1,official_scoring_change,"Mauricio Dubon 2026-07-01, game 824905: MLB 3 AB, ESPN 2"
81,9,1,1,official_scoring_change,"Mauricio Dubon 2026-07-01, game 824905: MLB 1 H, ESPN 0"
81,9,8,1,official_scoring_change,"Mauricio Dubon 2026-07-01, game 824905: MLB 1 TB, ESPN 0"
83,12,37,-1,official_scoring_change,"Joe Ryan 2026-06-30, game 824175: MLB 5 hits allowed, ESPN 6"
83,12,45,-6,official_scoring_change,"Joe Ryan 2026-06-30, game 824175: MLB rules all 6 runs unearned (0 ER), ESPN 6 ER"
103,6,37,-1,official_scoring_change,"Braxton Ashcraft 2026-08-06, game 823754: MLB 3 hits allowed, ESPN 4 (same play as Turang's hit)"
103,6,45,-1,official_scoring_change,"Braxton Ashcraft 2026-08-06, game 823754: MLB 3 ER, ESPN 4"
108,3,1,-1,official_scoring_change,"Brice Turang 2026-08-06, game 823754: MLB 0 H, ESPN 1"
108,3,8,-1,official_scoring_change,"Brice Turang 2026-08-06, game 823754: MLB 0 TB, ESPN 1"
108,3,21,-1,official_scoring_change,"Brice Turang 2026-08-06, game 823754: MLB 0 RBI, ESPN 1"
123,8,1,-1,espn_total_inconsistent,"ESPN's own player lines for the matchup (rosterForMatchupPeriod, spike capture 2026-09-21) sum to 53 H, equal to ours; ESPN's side total is 54"
123,8,8,-1,espn_total_inconsistent,"ESPN's own player lines sum to 82 TB, equal to ours; ESPN's side total is 83"
123,9,8,1,official_scoring_change,"Jose Caballero 2026-08-29, doubleheader 823539+823501: MLB 4 TB, ESPN 3"
126,11,8,1,espn_total_inconsistent,"ESPN's own player lines for the matchup (rosterForMatchupPeriod, spike capture 2026-09-21) sum to 82 TB, equal to ours; ESPN's side total is 81"
129,12,1,-1,espn_total_inconsistent,"ESPN's own player lines for the matchup (rosterForMatchupPeriod, spike capture 2026-09-21) sum to 42 H, equal to ours; ESPN's side total is 43"
129,12,8,-1,espn_total_inconsistent,"ESPN's own player lines sum to 80 TB, equal to ours; ESPN's side total is 81"
129,12,21,-1,espn_total_inconsistent,"ESPN's own player lines sum to 25 RBI, equal to ours; ESPN's side total is 26"
132,2,1,1,official_scoring_change,"Kody Clemens 2026-09-02, game 823660: MLB 1 H, ESPN 0"
132,2,8,1,official_scoring_change,"Kody Clemens 2026-09-02, game 823660: MLB 1 TB, ESPN 0"
132,2,37,-1,espn_total_inconsistent,"ESPN's own player lines for the matchup (rosterForMatchupPeriod, spike capture 2026-09-21) sum to 58 hits allowed, equal to ours; ESPN's side total is 59"
132,2,45,-1,espn_total_inconsistent,"ESPN's own player lines sum to 28 ER, equal to ours; ESPN's side total is 29"
