stat_id,stat_abbrev,display_label
0,AB,AB
1,H,H
2,AVG,AVG
3,2B,2B
4,3B,3B
5,HR,HR
6,XBH,XBH
7,1B,1B
8,TB,TB
9,SLG,SLG
10,B_BB,B_BB
11,B_IBB,B_IBB
12,HBP,HBP
13,SF,SF
14,SH,SH
15,SAC,SAC
16,PA,PA
17,OBP,OBP
18,OPS,OPS
19,RC,RC
20,R,R
21,RBI,RBI
23,SB,SB
24,CS,CS
25,SB-CS,SB-CS
26,GDP,GDP
27,B_SO,B_SO
28,PS,PS
29,PPA,PPA
31,CYC,CYC
32,GP,GP
33,GS,GS
34,OUTS,IP
35,TBF,TBF
36,P,P
37,P_H,P_H
38,OBA,OBA
39,P_BB,P_BB
40,P_IBB,P_IBB
41,WHIP,WHIP
42,HBP,HBP
43,OOBP,OOBP
44,P_R,P_R
45,ER,ER
46,P_HR,P_HR
47,ERA,ERA
48,K,K
49,K/9,K/9
50,WP,WP
51,BLK,BLK
52,PK,PK
53,W,W
54,L,L
55,WPCT,WPCT
56,SVO,SVO
57,SV,SV
58,BLSV,BLSV
59,SV%,SV%
60,HLD,HLD
62,CG,CG
63,QS,QS
65,NH,NH
66,PG,PG
67,TC,TC
68,PO,PO
69,A,A
70,OFA,OFA
71,FPCT,FPCT
72,E,E
73,DP,DP
74,B_G_W,B_G_W
75,B_G_L,B_G_L
76,P_G_W,P_G_W
77,P_G_L,P_G_L
81,G,G
82,K/BB,K/BB
83,SVHD,SVHD
99,STARTER,STARTER
