stat_id,part,component,weight
0,numerator,at_bats,1
1,numerator,hits,1
2,numerator,hits,1
2,denominator,at_bats,1
5,numerator,home_runs,1
8,numerator,total_bases,1
10,numerator,batter_walks,1
20,numerator,runs,1
21,numerator,runs_batted_in,1
23,numerator,stolen_bases,1
27,numerator,batter_strikeouts,1
33,numerator,games_started,1
34,numerator,outs_recorded,1
37,numerator,hits_allowed,1
39,numerator,pitcher_walks,1
41,numerator,hits_allowed,3
41,numerator,pitcher_walks,3
41,denominator,outs_recorded,1
45,numerator,earned_runs,1
47,numerator,earned_runs,27
47,denominator,outs_recorded,1
48,numerator,pitcher_strikeouts,1
49,numerator,pitcher_strikeouts,27
49,denominator,outs_recorded,1
53,numerator,wins,1
54,numerator,losses,1
57,numerator,saves,1
60,numerator,holds,1
83,numerator,saves,1
83,numerator,holds,1
